[
  {
    "symbol": "H",
    "name": "Hydrogen",
    "category": "Nonmetal",
    "description": "Lightest element. Gas of diatomic molecules. Highly combustible.",
    "electronConfiguration": "1s^1",
    "atomicMass": 1.008,
    "oxidationStates": 0,
    "orbitalBlock": "s",
    "color": "#FFD1DC"
  },
  {
    "symbol": "Be",
    "name": "Beryllium",
    "category": "Alkaline Earth Metal",
    "description": "Steel-gray, strong, lightweight and brittle alkaline earth metal.",
    "electronConfiguration": "[He] 2s^2",
    "atomicMass": 9.012,
    "oxidationStates": 2,
    "orbitalBlock": "s",
    "color": "#ADD8E6"
  },
  {
    "symbol": "B",
    "name": "Boron",
    "category": "Metalloid",
    "description": "Brittle, dark, lustrous metalloid.",
    "electronConfiguration": "[He] 2s^2 2p^1",
    "atomicMass": 10.81,
    "oxidationStates": 3,
    "orbitalBlock": "p",
    "color": "#FFC0CB"
  },
  {
    "symbol": "Li",
    "name": "Lithium",
    "category": "Alkali Metal",
    "description": "Soft, silvery-white alkali metal.",
    "electronConfiguration": "[He] 2s^1",
    "atomicMass": 6.94,
    "oxidationStates": 1,
    "orbitalBlock": "s",
    "color": "#FA8072"
  },
  {
    "symbol": "Na",
    "name": "Sodium",
    "category": "Alkali Metal",
    "description": "Soft, silvery-white alkali metal. Highly reactive and oxidizes rapidly in air.",
    "electronConfiguration": "[Ne] 3s^1",
    "atomicMass": 22.99,
    "oxidationStates": 1,
    "orbitalBlock": "s",
    "color": "#FFA07A"
  },
  {
    "symbol": "K",
    "name": "Potassium",
    "category": "Alkali Metal",
    "description": "Soft, silvery-white alkali metal. Highly reactive and reacts violently with water.",
    "electronConfiguration": "[Ar] 4s^1",
    "atomicMass": 39.10,
    "oxidationStates": 1,
    "orbitalBlock": "s",
    "color": "#FFD700"
  },
  {
    "symbol": "O",
    "name": "Oxygen",
    "category": "Nonmetal",
    "description": "Colorless, odorless, tasteless gas essential to living organisms.",
    "electronConfiguration": "[He] 2s^2 2p^4",
    "atomicMass": 15.999,
    "oxidationStates": -2,
    "orbitalBlock": "p",
    "color": "#FFA07A"
    },
    {
    "symbol": "F",
    "name": "Fluorine",
    "category": "Halogen",
    "description": "Highly reactive pale yellow diatomic gas. Most electronegative element.",
    "electronConfiguration": "[He] 2s^2 2p^5",
    "atomicMass": 18.998,
    "oxidationStates": -1,
    "orbitalBlock": "p",
    "color": "#00FF7F"
    },
    {
    "symbol": "Ne",
    "name": "Neon",
    "category": "Noble Gas",
    "description": "Colorless, odorless, inert monatomic gas.",
    "electronConfiguration": "[He] 2s^2 2p^6",
    "atomicMass": 20.18,
    "oxidationStates": 0,
    "orbitalBlock": "p",
    "color": "#FF69B4"
    },
    {
    "symbol": "Fe",
    "name": "Iron",
    "category": "Transition Metal",
    "description": "Most common element on Earth. Belongs to first transition series and group 8 of periodic table.",
    "electronConfiguration": "[Ar] 4s^2 3d^6",
    "atomicMass": 55.845,
    "oxidationStates": 2,
    "orbitalBlock": "d",
    "color": "#B19CD9"
    },
    {
    "symbol": "Co",
    "name": "Cobalt",
    "category": "Transition Metal",
    "description": "Hard, lustrous, silver-gray metal.",
    "electronConfiguration": "[Ar] 4s^2 3d^7",
    "atomicMass": 58.933,
    "oxidationStates": 2,
    "orbitalBlock": "d",
    "color": "#7FB3D5"
    },
    {
    "symbol": "Ni",
    "name": "Nickel",
    "category": "Transition Metal",
    "description": "Silvery-white, hard, ductile metal. Resistant to corrosion and tarnishing.",
    "electronConfiguration": "[Ar] 4s^2 3d^8",
    "atomicMass": 58.69,
    "oxidationStates": 2,
    "orbitalBlock": "d",
    "color": "#B0E0E6"
    },
    {
    "symbol": "Cu",
    "name": "Copper",
    "category": "Transition Metal",
    "description": "Soft, malleable, and ductile metal with high thermal and electrical conductivity.",
    "electronConfiguration": "[Ar] 4s^1 3d^10",
    "atomicMass": 63.546,
    "oxidationStates": 2,
    "orbitalBlock": "d",
    "color": "#F7A8B8"
    },
    {
    "symbol": "Zn",
    "name": "Zinc",
    "category": "Transition Metal",
    "description": "Bluish-white metal with a low melting point and good electrical conductivity.",
    "electronConfiguration": "[Ar] 4s^2 3d^10",
    "atomicMass": 65.38,
    "oxidationStates": 2,
    "orbitalBlock": "d",
    "color": "#F5B041"
    },
    {
    "symbol": "Pd",
    "name": "Palladium",
    "category": "Transition Metal",
    "description": "Soft, silvery-white metal. Resistant to corrosion and tarnishing.",
    "electronConfiguration": "[Kr] 4d^10",
    "atomicMass": 106.42,
    "oxidationStates": 0,
    "orbitalBlock": "d",
    "color": "#98FB98"
    },
    {
    "symbol": "Ce",
    "name": "Cerium",
    "category": "Lanthanide",
    "description": "Soft, silvery-white, ductile metal.",
    "electronConfiguration": "[Xe] 6s^2 4f^1 5d^1",
    "atomicMass": 140.12,
    "oxidationStates": 3,
    "orbitalBlock": "f",
    "color": "#FFE4C4"
    },
    {
    "symbol": "Pr",
    "name": "Praseodymium",
    "category": "Lanthanide",
    "description": "Soft, silvery-white, malleable, and ductile metal.",
    "electronConfiguration": "[Xe] 6s^2 4f^3",
    "atomicMass": 140.91,
    "oxidationStates": 3,
    "orbitalBlock": "f",
    "color": "#FFC0CB"
    },
    {
    "symbol": "Nd",
    "name": "Neodymium",
    "category": "Lanthanide",
    "description": "Soft, silvery-white metal. Highly reactive and tarnishes in air.",
    "electronConfiguration": "[Xe] 6s^2 4f^4",
    "atomicMass": 144.24,
    "oxidationStates": 3,
    "orbitalBlock": "f",
    "color": "#B0C4DE"
    },
    {
    "symbol": "Pm",
    "name": "Promethium",
    "category": "Lanthanide",
    "description": "Radioactive, silvery-white metal. Only one isotope, ^145Pm, is stable.",
    "electronConfiguration": "[Xe] 6s^2 4f^5",
    "atomicMass": 145,
    "oxidationStates": 3,
    "orbitalBlock": "f",
    "color": "#FFDAB9"
    },
    {
    "symbol": "Sm",
    "name": "Samarium",
    "category": "Lanthanide",
    "description": "Silvery-white, moderately hard, and brittle metal.",
    "electronConfiguration": "[Xe] 6s^2 4f^6",
    "atomicMass": 150.36,
    "oxidationStates": 3,
    "orbitalBlock": "f",
    "color": "#87CEFA"
    },
    {
    "symbol": "Eu",
    "name": "Europium",
    "category": "Lanthanide",
    "description": "Soft, silvery-white metal. Most reactive of the rare earth metals.",
    "electronConfiguration": "[Xe] 6s^2 4f^7",
    "atomicMass": 151.96,
    "oxidationStates": 2,
    "orbitalBlock": "f",
    "color": "#FFB6C1"
    },
    {
    "symbol": "Gd",
    "name": "Gadolinium",
    "category": "Lanthanide",
    "description": "Silvery-white, ductile, and malleable rare earth metal.",
    "electronConfiguration": "[Xe] 6s^2 4f^7 5d^1",
    "atomicMass": 157.25,
    "oxidationStates": 3,
    "orbitalBlock": "f",
    "color": "#E6E6FA"
    },
    {
    "symbol": "Li",
    "name": "Lithium",
    "category": "Alkali Metal",
    "description": "Soft, silvery-white metal. Highly reactive and flammable.",
    "electronConfiguration": "[He] 2s^1",
    "atomicMass": 6.941,
    "oxidationStates": 1,
    "orbitalBlock": "s",
    "color": "#E0FFFF"
    },
    {
    "symbol": "Na",
    "name": "Sodium",
    "category": "Alkali Metal",
    "description": "Soft, silvery-white, highly reactive metal. Easily oxidized in air.",
    "electronConfiguration": "[Ne] 3s^1",
    "atomicMass": 22.99,
    "oxidationStates": 1,
    "orbitalBlock": "s",
    "color": "#FFA500"
    },
    {
    "symbol": "K",
    "name": "Potassium",
    "category": "Alkali Metal",
    "description": "Soft, silvery-white, highly reactive metal. Burns with a lilac flame.",
    "electronConfiguration": "[Ar] 4s^1",
    "atomicMass": 39.098,
    "oxidationStates": 1,
    "orbitalBlock": "s",
    "color": "#BA55D3"
    },
    ]
