[
  {
    "formula": "C2H4",
    "name": "Ethene",
    "description": "Ethene is an organic compound having the formula C2H4. It is a colorless, flammable gas with a faint 'sweet and musky' odor.",
    "shape": "Trigonal Planar",
    "polarity": "Nonpolar",
    "bondAngle": "120°",
    "orbitals": "3 bonding orbitals\n1 antibonding orbital",
    "hybridization": "sp2",
    "molecularGeometry": "AX2E",
    "bonds": "1 sigma bond\n1 pi bond",
    "imageURL": "C2H4-structure"
  },
  {
    "formula": "H2O",
    "name": "Water",
    "description": "Water is an inorganic, transparent, tasteless, odourless, and nearly colourless chemical substance.",
    "shape": "Bent",
    "polarity": "Polar",
    "bondAngle": "104.5°",
    "orbitals": "2 bonding orbitals\n2 antibonding orbitals",
    "hybridization": "sp3",
    "molecularGeometry": "AX2E2",
    "bonds": "2 sigma bonds\n2 lone pairs",
    "imageURL": "H2O-structure"
  },
  {
    "formula": "HCl",
    "name": "Hydrochloric Acid",
    "description": "Hydrochloric acid is the water-based, or aqueous, solution of hydrogen chloride gas.",
    "shape": "Linear",
    "polarity": "Polar",
    "bondAngle": "180°",
    "orbitals": "1 bonding orbital\n1 antibonding orbital",
    "hybridization": "sp",
    "molecularGeometry": "AX2E",
    "bonds": "1 sigma bond\n1 lone pair",
    "imageURL": "HCl-structure"
  }
]
